victimId,fullName,phone,linkedFIR,role,district,location,protectionLevel,statementSummary
VIC202601,Rajesh Sharma,+91 98450 12345,FIR2026101,Victim (Owner),Bengaluru Urban,MG Road Commercial Hub,High,Stated 2 armed men broke shutter at 02:15 AM and threatened guard with iron rod.
VIC202602,Priya Venkatesh,+91 98450 67890,FIR2026101,Witness (Security),Bengaluru Urban,MG Road Commercial Hub,Medium,Saw black pulsar bike without number plate speeding towards Trinity Circle.
VIC202603,Sunita Patel,+91 94480 23456,FIR2026102,Victim,Mysuru City,Devaraja Market Colony,Standard,Returned home from wedding to find main door lock broken and gold ornaments missing.
VIC202604,Anand Deshpande,+91 98860 34567,FIR2026103,Victim,Bengaluru Urban,Koramangala 4th Block,Standard,Received call impersonating electricity board officer; OTP shared leading to Rs 4.5L debit.
VIC202605,Mahesh Gowda,+91 99000 45678,FIR2026104,Victim (Driver),Hubballi-Dharwad,NH-48 Highway Toll,High,Truck stopped by boulders on road; 3 men armed with knives attacked and looted cargo.
VIC202606,Lakshmi Hegde,+91 97410 56789,FIR2026105,Victim,Mangaluru,Kadri Park Avenue,Standard,Rider snatched gold chain from behind while walking near Kadri temple gate.
VIC202607,Vijay Kulkarni,+91 98440 67891,FIR2026106,Victim (Manager),Belagavi,Tilakwadi Industrial Estate,Standard,Security camera captured two suspects loading copper rolls into pick-up van.
VIC202608,Ramesh Babu,+91 98800 78912,FIR2026108,Victim,Mysuru City,Gokulam Main Road,High (Police Patrol),Received anonymous voice-modulated call demanding Rs 50 Lakhs protection money.
VIC202609,Deepak Verma,+91 99450 89123,FIR2026110,Witness,Bengaluru Urban,Jayanagar 4th Block,High,Identified suspect 'Chota Imran' at the scene wielding a sharp machete.
